product_category,total_sales
Books,12523448217.983215
Clothing,12504489802.584602
Electronics,12539242271.063734
Groceries,12543193236.45418
Toys,12511697650.782335
